{
  "id": "torch",
  "title": "Torch",
  "description": "Torch HUD Controls",
  "version": "3.1.0",
  "authors": [
    {
      "name": "Deuce",
      "flags": {}
    },
    {
      "name": "Lupestro",
      "flags": {}
    }
  ],
  "languages": [
    {
      "lang": "en",
      "name": "English",
      "path": "lang/en.json",
      "flags": {}
    },
    {
      "lang": "cn",
      "name": "中文",
      "path": "lang/cn.json",
      "flags": {}
    },
    {
      "lang": "de",
      "name": "Deutsch",
      "path": "lang/de.json",
      "flags": {}
    },
    {
      "lang": "fr",
      "name": "Français",
      "path": "lang/fr.json",
      "flags": {}
    },
    {
      "lang": "es",
      "name": "Español",
      "path": "lang/es.json",
      "flags": {}
    },
    {
      "lang": "it",
      "name": "Italiano",
      "path": "lang/it.json",
      "flags": {}
    },
    {
      "lang": "ja",
      "name": "日本語",
      "path": "lang/ja.json",
      "flags": {}
    },
    {
      "lang": "pt-BR",
      "name": "Português (Brasil)",
      "path": "lang/pt-BR.json",
      "flags": {}
    },
    {
      "lang": "zh-TW",
      "name": "正體中文",
      "path": "lang/zh-TW.json",
      "flags": {}
    }
  ],
  "esmodules": [
    "torch.js"
  ],
  "socket": true,
  "styles": [
    "torch.css"
  ],
  "manifest": "https://raw.githubusercontent.com/Lucas-MFS/torch-t20/refs/heads/main/module.json",
  "download": "https://github.com/Lucas-MFS/torch-t20/raw/refs/heads/main/torch.zip",
  "url": "https://github.com/Lucas-MFS/torch-t20",
  "compatibility": {
    "minimum": "13",
    "verified": "13.346",
    "maximum": "13"
  }
}